{
  "start_time_steady_s": 15.0,
  "y_mean_m": 0.8059663824558074,
  "rms_y_m": 0.048904994366067,
  "p2p_y_m": 0.14946934828148173,
  "rms_roll_deg": 18.340406438046703,
  "rms_pitch_deg": 0.5116559614469326,
  "growth_ratio_y": 1.0337446934134207,
  "contact_loss_avg": 0.31341642228739003,
  "envelope_growth_rate": 0.0011595837242057703,
  "peak_freq_hz": 2.1549808939838266,
  "H2_ratio": 0.031257312440881306,
  "synchrony_index": 0.9999004818062549,
  "contact_loss_per_carrier": [
    0.31451612903225806,
    0.312316715542522
  ],
  "Fy_mean_per_carrier_N": [
    294.6832381234113,
    295.769166802739
  ],
  "Fy_std_per_carrier_N": [
    277.3193100232505,
    277.07896756919314
  ],
  "time_roll_excess_s": 22.935000000000002,
  "uncontrolled_onset_time": 21.615000000000002
}