{
  "start_time_steady_s": 15.0,
  "y_mean_m": 0.84324250025285,
  "rms_y_m": 0.04025450760975713,
  "p2p_y_m": 0.14386344944126406,
  "rms_roll_deg": 0.16036325083352676,
  "rms_pitch_deg": 0.0713426543673758,
  "growth_ratio_y": 1.0937761799786043,
  "contact_loss_avg": 0.04398826979472141,
  "envelope_growth_rate": -0.0011834198848457355,
  "peak_freq_hz": 1.9106016173464855,
  "H2_ratio": 0.05852553192472726,
  "synchrony_index": 0.6598056706874772,
  "contact_loss_per_carrier": [
    0.04472140762463343,
    0.04325513196480939
  ],
  "Fy_mean_per_carrier_N": [
    294.4923219018384,
    294.5041575970713
  ],
  "Fy_std_per_carrier_N": [
    176.38160173053672,
    176.90238096728913
  ],
  "time_roll_excess_s": 0.0,
  "uncontrolled_onset_time": -1.0
}