{
  "start_time_steady_s": 15.0,
  "y_mean_m": 0.8054395311164718,
  "rms_y_m": 0.04892243793025102,
  "p2p_y_m": 0.1475296663654896,
  "rms_roll_deg": 18.341033448686122,
  "rms_pitch_deg": 0.5154479907874175,
  "growth_ratio_y": 1.0310487343936723,
  "contact_loss_avg": 0.31158357771260997,
  "envelope_growth_rate": 0.00100470909687945,
  "peak_freq_hz": 2.1549808939838266,
  "H2_ratio": 0.031884312037031085,
  "synchrony_index": 0.99977458707323,
  "contact_loss_per_carrier": [
    0.313049853372434,
    0.3101173020527859
  ],
  "Fy_mean_per_carrier_N": [
    295.55124962964754,
    295.08246651442477
  ],
  "Fy_std_per_carrier_N": [
    277.12481981804416,
    277.00207060555687
  ],
  "time_roll_excess_s": 23.067,
  "uncontrolled_onset_time": 21.648
}