{
  "start_time_steady_s": 15.0,
  "y_mean_m": 0.843859569131676,
  "rms_y_m": 0.03762315825294428,
  "p2p_y_m": 0.14137658410398235,
  "rms_roll_deg": 0.15399670533411458,
  "rms_pitch_deg": 0.07359140120889063,
  "growth_ratio_y": 1.0032633818346834,
  "contact_loss_avg": 0.03409090909090909,
  "envelope_growth_rate": 0.0028708606295202,
  "peak_freq_hz": 2.066115702479339,
  "H2_ratio": 0.09620371786687376,
  "synchrony_index": 0.624314459050822,
  "contact_loss_per_carrier": [
    0.02932551319648094,
    0.038856304985337244
  ],
  "Fy_mean_per_carrier_N": [
    294.63246637447605,
    294.72676135697566
  ],
  "Fy_std_per_carrier_N": [
    169.28040101661452,
    169.8449341871828
  ],
  "time_roll_excess_s": 0.0,
  "uncontrolled_onset_time": -1.0
}