{
  "start_time_steady_s": 15.0,
  "y_mean_m": 0.847077987079892,
  "rms_y_m": 0.03470025431548885,
  "p2p_y_m": 0.12865453838750052,
  "rms_roll_deg": 0.14155437646773894,
  "rms_pitch_deg": 0.07115526423184886,
  "growth_ratio_y": 0.9487872109046809,
  "contact_loss_avg": 0.03775659824046921,
  "envelope_growth_rate": 0.0026073296010955542,
  "peak_freq_hz": 2.066115702479339,
  "H2_ratio": 0.0846756177640292,
  "synchrony_index": 0.6237138218181446,
  "contact_loss_per_carrier": [
    0.03812316715542522,
    0.0373900293255132
  ],
  "Fy_mean_per_carrier_N": [
    294.59769238148425,
    294.62523835477555
  ],
  "Fy_std_per_carrier_N": [
    167.8603877932862,
    168.3628900883152
  ],
  "time_roll_excess_s": 0.0,
  "uncontrolled_onset_time": -1.0
}