{
  "start_time_steady_s": 15.0,
  "y_mean_m": 0.8063360251028614,
  "rms_y_m": 0.04887118929427597,
  "p2p_y_m": 0.150195061213647,
  "rms_roll_deg": 19.068124016629508,
  "rms_pitch_deg": 0.5357950953200022,
  "growth_ratio_y": 1.03411567175184,
  "contact_loss_avg": 0.32331378299120234,
  "envelope_growth_rate": 0.0011645870841437735,
  "peak_freq_hz": 2.1549808939838266,
  "H2_ratio": 0.03159224587968291,
  "synchrony_index": 0.9955656695062565,
  "contact_loss_per_carrier": [
    0.3086510263929619,
    0.3379765395894428
  ],
  "Fy_mean_per_carrier_N": [
    295.366218947495,
    295.10634082718724
  ],
  "Fy_std_per_carrier_N": [
    276.23011521387224,
    278.041416751055
  ],
  "time_roll_excess_s": 25.905,
  "uncontrolled_onset_time": 16.962
}