{
  "start_time_steady_s": 15.0,
  "y_mean_m": 0.8042542247845359,
  "rms_y_m": 0.04898226684915116,
  "p2p_y_m": 0.14698834713719067,
  "rms_roll_deg": 17.312929692775747,
  "rms_pitch_deg": 0.5029951485232783,
  "growth_ratio_y": 1.0260186461871843,
  "contact_loss_avg": 0.31378299120234604,
  "envelope_growth_rate": 0.0007766560994568036,
  "peak_freq_hz": 2.1549808939838266,
  "H2_ratio": 0.0330996447289317,
  "synchrony_index": 0.9958961602464471,
  "contact_loss_per_carrier": [
    0.32697947214076245,
    0.30058651026392963
  ],
  "Fy_mean_per_carrier_N": [
    294.70545811512557,
    294.8777719025963
  ],
  "Fy_std_per_carrier_N": [
    278.2916890484741,
    276.35772453360494
  ],
  "time_roll_excess_s": 20.229,
  "uncontrolled_onset_time": 26.697
}