{
  "start_time_steady_s": 15.0,
  "y_mean_m": 0.8072736512516299,
  "rms_y_m": 0.048894819084473684,
  "p2p_y_m": 0.15854998839435352,
  "rms_roll_deg": 19.368460680515074,
  "rms_pitch_deg": 0.539024333817163,
  "growth_ratio_y": 1.0286293565708158,
  "contact_loss_avg": 0.32771260997067453,
  "envelope_growth_rate": 0.000919081073360513,
  "peak_freq_hz": 2.1549808939838266,
  "H2_ratio": 0.0315551108455997,
  "synchrony_index": 0.9874158672339656,
  "contact_loss_per_carrier": [
    0.3035190615835777,
    0.3519061583577713
  ],
  "Fy_mean_per_carrier_N": [
    294.9194453447696,
    294.3174032499708
  ],
  "Fy_std_per_carrier_N": [
    275.5383640519491,
    278.4479932332123
  ],
  "time_roll_excess_s": 26.433,
  "uncontrolled_onset_time": 16.962
}