{
  "start_time_steady_s": 15.0,
  "y_mean_m": 0.8043929201417916,
  "rms_y_m": 0.04875721360782664,
  "p2p_y_m": 0.15583370209131409,
  "rms_roll_deg": 15.541348667213015,
  "rms_pitch_deg": 0.4915600963537685,
  "growth_ratio_y": 1.024525756426637,
  "contact_loss_avg": 0.2980205278592375,
  "envelope_growth_rate": 0.0009170552467348104,
  "peak_freq_hz": 2.1549808939838266,
  "H2_ratio": 0.03130028144887945,
  "synchrony_index": 0.9777850108152008,
  "contact_loss_per_carrier": [
    0.33651026392961875,
    0.2595307917888563
  ],
  "Fy_mean_per_carrier_N": [
    294.5964380723812,
    295.24967965565895
  ],
  "Fy_std_per_carrier_N": [
    276.7439649839839,
    271.90023889179923
  ],
  "time_roll_excess_s": 16.203,
  "uncontrolled_onset_time": 33.363
}