{
  "start_time_steady_s": 15.0,
  "y_mean_m": 0.8452033394551292,
  "rms_y_m": 0.03653629706030693,
  "p2p_y_m": 0.1360669755663807,
  "rms_roll_deg": 0.14833278441548145,
  "rms_pitch_deg": 0.07243366035864052,
  "growth_ratio_y": 1.1020166672753722,
  "contact_loss_avg": 0.03848973607038123,
  "envelope_growth_rate": 0.0007869242520593231,
  "peak_freq_hz": 1.9550342130987293,
  "H2_ratio": 0.10701947561945964,
  "synchrony_index": 0.6275100638272996,
  "contact_loss_per_carrier": [
    0.038856304985337244,
    0.03812316715542522
  ],
  "Fy_mean_per_carrier_N": [
    294.01326851664334,
    294.06406353900945
  ],
  "Fy_std_per_carrier_N": [
    169.5203713062499,
    169.75596815887454
  ],
  "time_roll_excess_s": 0.0,
  "uncontrolled_onset_time": -1.0
}