{
  "start_time_steady_s": 15.0,
  "y_mean_m": 0.8078059283299269,
  "rms_y_m": 0.04902415872542098,
  "p2p_y_m": 0.16970377700673067,
  "rms_roll_deg": 19.46481190101913,
  "rms_pitch_deg": 0.5899931868861988,
  "growth_ratio_y": 1.0200635411510701,
  "contact_loss_avg": 0.3255131964809384,
  "envelope_growth_rate": 0.0005826386738057706,
  "peak_freq_hz": 2.1549808939838266,
  "H2_ratio": 0.0300522938493126,
  "synchrony_index": 0.991841568069756,
  "contact_loss_per_carrier": [
    0.34310850439882695,
    0.30791788856304986
  ],
  "Fy_mean_per_carrier_N": [
    295.11846467037384,
    295.4507906534078
  ],
  "Fy_std_per_carrier_N": [
    278.2591041966256,
    276.0688178361853
  ],
  "time_roll_excess_s": 26.466,
  "uncontrolled_onset_time": 16.962
}