{
  "start_time_steady_s": 15.0,
  "y_mean_m": 0.8453439680990137,
  "rms_y_m": 0.03705175051270719,
  "p2p_y_m": 0.13468473068902265,
  "rms_roll_deg": 0.14996680771589818,
  "rms_pitch_deg": 0.07221599603694094,
  "growth_ratio_y": 0.9709079764197314,
  "contact_loss_avg": 0.03995601173020528,
  "envelope_growth_rate": 0.0012616308401965707,
  "peak_freq_hz": 2.043899404603217,
  "H2_ratio": 0.094730706637527,
  "synchrony_index": 0.6319003846368425,
  "contact_loss_per_carrier": [
    0.039589442815249266,
    0.04032258064516129
  ],
  "Fy_mean_per_carrier_N": [
    293.82340939798917,
    293.94938804712615
  ],
  "Fy_std_per_carrier_N": [
    170.57210538839058,
    171.2176129111841
  ],
  "time_roll_excess_s": 0.0,
  "uncontrolled_onset_time": -1.0
}