{
  "start_time_steady_s": 15.0,
  "y_mean_m": 0.8450565898966044,
  "rms_y_m": 0.03657390550706929,
  "p2p_y_m": 0.13519887466450164,
  "rms_roll_deg": 0.1485729810388531,
  "rms_pitch_deg": 0.07239410962893457,
  "growth_ratio_y": 0.997217215407322,
  "contact_loss_avg": 0.038489736070381225,
  "envelope_growth_rate": 0.00556361099326801,
  "peak_freq_hz": 2.021683106727095,
  "H2_ratio": 0.08780019755798832,
  "synchrony_index": 0.6277538847915058,
  "contact_loss_per_carrier": [
    0.04252199413489736,
    0.0344574780058651
  ],
  "Fy_mean_per_carrier_N": [
    294.06565076419287,
    294.0803570569448
  ],
  "Fy_std_per_carrier_N": [
    169.52339812050104,
    169.63479966361274
  ],
  "time_roll_excess_s": 0.0,
  "uncontrolled_onset_time": -1.0
}