{
  "start_time_steady_s": 15.0,
  "y_mean_m": 0.8064261217695958,
  "rms_y_m": 0.04877714756451566,
  "p2p_y_m": 0.15103261091440834,
  "rms_roll_deg": 18.598720451858952,
  "rms_pitch_deg": 0.5735057664378106,
  "growth_ratio_y": 1.0376041638773807,
  "contact_loss_avg": 0.31744868035190615,
  "envelope_growth_rate": 0.0012158665561758054,
  "peak_freq_hz": 2.1549808939838266,
  "H2_ratio": 0.03145826377292037,
  "synchrony_index": 0.9895159184469189,
  "contact_loss_per_carrier": [
    0.33651026392961875,
    0.29838709677419356
  ],
  "Fy_mean_per_carrier_N": [
    295.13386977210286,
    295.00717002094785
  ],
  "Fy_std_per_carrier_N": [
    277.40820904355104,
    275.1874555000568
  ],
  "time_roll_excess_s": 24.222,
  "uncontrolled_onset_time": 18.876
}