{
  "start_time_steady_s": 15.0,
  "y_mean_m": 0.8049522225278118,
  "rms_y_m": 0.048881930943241204,
  "p2p_y_m": 0.1487837932451418,
  "rms_roll_deg": 17.85123254878316,
  "rms_pitch_deg": 0.5273842373238812,
  "growth_ratio_y": 1.0305990509184306,
  "contact_loss_avg": 0.31121700879765396,
  "envelope_growth_rate": 0.0009758886329243297,
  "peak_freq_hz": 2.1549808939838266,
  "H2_ratio": 0.03292149759699066,
  "synchrony_index": 0.9944100930685897,
  "contact_loss_per_carrier": [
    0.3262463343108504,
    0.2961876832844575
  ],
  "Fy_mean_per_carrier_N": [
    294.5414165026771,
    294.9981447339722
  ],
  "Fy_std_per_carrier_N": [
    277.7111361113189,
    275.8198593914442
  ],
  "time_roll_excess_s": 21.78,
  "uncontrolled_onset_time": 23.925
}