{
  "start_time_steady_s": 15.0,
  "y_mean_m": 0.8454504725149327,
  "rms_y_m": 0.0362000306108454,
  "p2p_y_m": 0.1338261008265369,
  "rms_roll_deg": 0.14632958575881375,
  "rms_pitch_deg": 0.07206033829403677,
  "growth_ratio_y": 0.9391310716229264,
  "contact_loss_avg": 0.039589442815249266,
  "envelope_growth_rate": 0.0017057165524114646,
  "peak_freq_hz": 1.9772505109748513,
  "H2_ratio": 0.08537699138355785,
  "synchrony_index": 0.6219476713777877,
  "contact_loss_per_carrier": [
    0.04105571847507331,
    0.03812316715542522
  ],
  "Fy_mean_per_carrier_N": [
    293.9156141096999,
    293.9310560078412
  ],
  "Fy_std_per_carrier_N": [
    169.17833791279463,
    168.82563097865264
  ],
  "time_roll_excess_s": 0.0,
  "uncontrolled_onset_time": -1.0
}