{
  "start_time_steady_s": 15.0,
  "y_mean_m": 0.8068497709459248,
  "rms_y_m": 0.04883325084545782,
  "p2p_y_m": 0.1493783435843411,
  "rms_roll_deg": 18.487924397895483,
  "rms_pitch_deg": 0.5164138262274819,
  "growth_ratio_y": 1.0362977527825326,
  "contact_loss_avg": 0.31158357771260997,
  "envelope_growth_rate": 0.0012882021891628462,
  "peak_freq_hz": 2.1549808939838266,
  "H2_ratio": 0.031873136097491615,
  "synchrony_index": 0.9992106392772042,
  "contact_loss_per_carrier": [
    0.3064516129032258,
    0.31671554252199413
  ],
  "Fy_mean_per_carrier_N": [
    295.3222875970136,
    294.44527875741346
  ],
  "Fy_std_per_carrier_N": [
    276.72944325365296,
    277.6147561630545
  ],
  "time_roll_excess_s": 23.595000000000002,
  "uncontrolled_onset_time": 20.295
}