{
  "start_time_steady_s": 15.0,
  "y_mean_m": 0.8451843137305981,
  "rms_y_m": 0.036960357135963975,
  "p2p_y_m": 0.13623742143820528,
  "rms_roll_deg": 0.15004865361274963,
  "rms_pitch_deg": 0.07172765026487175,
  "growth_ratio_y": 1.3217695979060806,
  "contact_loss_avg": 0.038856304985337244,
  "envelope_growth_rate": 0.006765469475490054,
  "peak_freq_hz": 2.021683106727095,
  "H2_ratio": 0.07432113266094016,
  "synchrony_index": 0.6353245834863471,
  "contact_loss_per_carrier": [
    0.04032258064516129,
    0.0373900293255132
  ],
  "Fy_mean_per_carrier_N": [
    293.98958561051705,
    294.01630838739413
  ],
  "Fy_std_per_carrier_N": [
    171.26638556014683,
    171.40563189867774
  ],
  "time_roll_excess_s": 0.0,
  "uncontrolled_onset_time": -1.0
}