{
  "start_time_steady_s": 15.0,
  "y_mean_m": 0.8531792461247336,
  "rms_y_m": 0.03712915462023205,
  "p2p_y_m": 0.12584875636083392,
  "rms_roll_deg": 0.1532963970872308,
  "rms_pitch_deg": 0.06145745889788273,
  "growth_ratio_y": 0.6062587644046792,
  "contact_loss_avg": 0.05461876832844575,
  "envelope_growth_rate": -0.016263310528136853,
  "peak_freq_hz": 2.043899404603217,
  "H2_ratio": 0.058363593122495616,
  "synchrony_index": 0.7457460985292903,
  "contact_loss_per_carrier": [
    0.051319648093841645,
    0.05791788856304985
  ],
  "Fy_mean_per_carrier_N": [
    294.583072235967,
    294.6077235081643
  ],
  "Fy_std_per_carrier_N": [
    184.4810534433648,
    186.4760495927092
  ],
  "time_roll_excess_s": 0.0,
  "uncontrolled_onset_time": -1.0
}