{
  "start_time_steady_s": 15.0,
  "y_mean_m": 0.8067273364933293,
  "rms_y_m": 0.04890193177289641,
  "p2p_y_m": 0.1506232518049434,
  "rms_roll_deg": 19.1203246458634,
  "rms_pitch_deg": 0.5310274869570334,
  "growth_ratio_y": 1.0314734417061806,
  "contact_loss_avg": 0.3262463343108504,
  "envelope_growth_rate": 0.001047983764487195,
  "peak_freq_hz": 2.1549808939838266,
  "H2_ratio": 0.03068547125455263,
  "synchrony_index": 0.9936454494756464,
  "contact_loss_per_carrier": [
    0.31085043988269795,
    0.3416422287390029
  ],
  "Fy_mean_per_carrier_N": [
    294.01883984361814,
    294.12821530120914
  ],
  "Fy_std_per_carrier_N": [
    276.5574194782849,
    278.4013206036789
  ],
  "time_roll_excess_s": 26.07,
  "uncontrolled_onset_time": 16.962
}