{
  "start_time_steady_s": 15.0,
  "y_mean_m": 0.8069859691973496,
  "rms_y_m": 0.048749357919415696,
  "p2p_y_m": 0.15071252653093814,
  "rms_roll_deg": 18.816161721507203,
  "rms_pitch_deg": 0.5859384949372547,
  "growth_ratio_y": 1.0394437411425839,
  "contact_loss_avg": 0.3218475073313783,
  "envelope_growth_rate": 0.0013945083987064511,
  "peak_freq_hz": 2.1549808939838266,
  "H2_ratio": 0.030117248941142098,
  "synchrony_index": 0.9891414343274973,
  "contact_loss_per_carrier": [
    0.3416422287390029,
    0.3020527859237537
  ],
  "Fy_mean_per_carrier_N": [
    294.5607211007552,
    295.57542827213643
  ],
  "Fy_std_per_carrier_N": [
    277.8390625725574,
    275.388640963129
  ],
  "time_roll_excess_s": 25.344,
  "uncontrolled_onset_time": 16.962
}