{
  "start_time_steady_s": 15.0,
  "y_mean_m": 0.8431959410182032,
  "rms_y_m": 0.0392855100998547,
  "p2p_y_m": 0.14302127170928902,
  "rms_roll_deg": 0.15848093689172826,
  "rms_pitch_deg": 0.07245473044556812,
  "growth_ratio_y": 1.0584780359416255,
  "contact_loss_avg": 0.040322580645161296,
  "envelope_growth_rate": -0.004621380003795282,
  "peak_freq_hz": 1.9106016173464855,
  "H2_ratio": 0.06350477125199086,
  "synchrony_index": 0.6472851602069022,
  "contact_loss_per_carrier": [
    0.04398826979472141,
    0.036656891495601175
  ],
  "Fy_mean_per_carrier_N": [
    293.7951992572899,
    293.8901817730738
  ],
  "Fy_std_per_carrier_N": [
    173.41971640436336,
    173.87355759610355
  ],
  "time_roll_excess_s": 0.0,
  "uncontrolled_onset_time": -1.0
}