{
  "start_time_steady_s": 15.0,
  "y_mean_m": 0.8061687926804404,
  "rms_y_m": 0.04861389396226811,
  "p2p_y_m": 0.15068500404582852,
  "rms_roll_deg": 17.653900974793753,
  "rms_pitch_deg": 0.48955694292896684,
  "growth_ratio_y": 1.0371327329122801,
  "contact_loss_avg": 0.3053519061583577,
  "envelope_growth_rate": 0.0012604245313316519,
  "peak_freq_hz": 2.1549808939838266,
  "H2_ratio": 0.031345224705102696,
  "synchrony_index": 0.9791120910844056,
  "contact_loss_per_carrier": [
    0.27419354838709675,
    0.33651026392961875
  ],
  "Fy_mean_per_carrier_N": [
    295.38881464440635,
    295.2183670948467
  ],
  "Fy_std_per_carrier_N": [
    273.08331690605513,
    276.9865849172593
  ],
  "time_roll_excess_s": 21.417,
  "uncontrolled_onset_time": 23.991
}